编号UID,用户名,在线时长,登录次数,发言次数,最后登录时间,最近登陆IP,常用登陆IP
x05D4D2A4,游客05D4D2A4,56小时9分钟23秒,34,,"2018-05-24 09:44:06",192.168.0.104,
x1120936E,游客1120936E,2小时58分钟42秒,13,,"2018-11-21 14:49:43",127.0.0.1,
x11BF3528,游客11BF3528,13小时34分钟25秒,6,,"2019-03-12 11:19:19",192.168.0.104,
x09170567,游客09170567,0小时10分钟10秒,6,,"2018-09-17 14:21:23",127.0.0.1,
x11215B76,游客11215B76,0小时3分钟59秒,5,,"2018-11-21 10:15:49",127.0.0.1,
x121956EB,游客121956EB,1小时22分钟53秒,4,,"2018-12-19 10:37:05",127.0.0.1,
x089BD6ED,游客089BD6ED,0小时6分钟48秒,4,,"2018-08-24 08:57:10",192.168.0.104,
x108F9FBE,游客108F9FBE,8小时39分钟49秒,3,,"2018-11-09 09:40:18",192.168.0.104,
x0808B90F,游客0808B90F,0小时5分钟18秒,3,,"2018-08-08 16:05:13",127.0.0.1,
x0563487E,游客0563487E,0小时10分钟29秒,3,,"2018-11-05 10:35:59",192.168.0.115,
x1005109E,游客1005109E,24小时14分钟9秒,3,,"2018-11-20 09:58:01",192.168.0.104,
x06893C22,游客06893C22,0小时46分钟11秒,3,,"2018-07-04 11:18:11",192.168.0.104,
x1126D5C7,游客1126D5C7,3小时3分钟54秒,2,,"2018-11-26 14:19:39",127.0.0.1,
x08270C04,游客08270C04,1小时59分钟1秒,2,,"2018-08-27 14:59:36",192.168.0.104,
x06298008,游客06298008,3小时45分钟28秒,2,,"2018-06-29 15:16:20",192.168.0.118,
x07197A78,游客07197A78,0小时3分钟4秒,2,,"2019-03-06 17:40:03",127.0.0.1,
x1017ACAC,游客1017ACAC,0小时7分钟38秒,2,,"2018-10-17 15:33:49",127.0.0.1,
x09048FE6,游客09048FE6,0小时14分钟42秒,2,,"2018-09-04 17:15:19",127.0.0.1,
x0627D592,游客0627D592,0小时1分钟15秒,2,,"2018-06-27 09:24:34",127.0.0.1,
x08276E88,游客08276E88,1小时34分钟45秒,2,,"2018-08-27 14:53:39",192.168.0.104,
x1217FACD,游客1217FACD,6小时55分钟16秒,1,,"2018-12-17 11:13:46",127.0.0.1,
x0627C9FD,游客0627C9FD,4小时5分钟11秒,1,,"2018-06-27 11:11:18",127.0.0.1,
x0704769F,游客0704769F,0小时2分钟21秒,1,,"2018-07-04 15:10:03",127.0.0.1,
x071407BD,游客071407BD,0小时2分钟33秒,1,,"2018-07-14 11:47:52",192.168.0.102,
x07278439,游客07278439,0小时25分钟3秒,1,,"2018-07-27 17:09:58",127.0.0.1,
x07DC52DE,游客07DC52DE,0小时3分钟29秒,1,,"2018-08-02 15:17:41",192.168.0.125,
x08079EE0,游客08079EE0,0小时0分钟11秒,1,,"2018-08-07 14:05:01",127.0.0.1,
x08135BD7,游客08135BD7,0小时43分钟11秒,1,,"2018-08-13 08:56:33",192.168.0.104,
x0816065A,游客0816065A,3小时9分钟0秒,1,,"2018-08-16 09:45:12",127.0.0.1,
x0824234E,游客0824234E,0小时6分钟31秒,1,,"2018-08-24 16:10:17",127.0.0.1,
x0828387C,游客0828387C,0小时14分钟25秒,1,,"2018-08-28 09:17:44",127.0.0.1,
x09038DA9,游客09038DA9,1小时15分钟13秒,1,,"2018-09-03 17:03:11",192.168.0.104,
x09072673,游客09072673,0小时44分钟12秒,1,,"2018-09-07 10:27:29",127.0.0.1,
x09187C7C,游客09187C7C,0小时0分钟17秒,1,,"2018-09-18 14:29:37",127.0.0.1,
x10172F68,游客10172F68,11小时19分钟17秒,1,,"2018-10-17 08:54:58",127.0.0.1,
x10244C06,游客10244C06,1小时27分钟9秒,1,,"2018-10-24 13:59:03",192.168.0.104,
x1105D995,游客1105D995,0小时8分钟45秒,1,,"2018-11-05 15:37:16",127.0.0.1,
x11198798,游客11198798,0小时0分钟14秒,1,,"2018-11-19 16:58:47",127.0.0.1,
x11298DE7,游客11298DE7,2小时13分钟50秒,1,,"2018-11-29 15:38:30",127.0.0.1,
x1217CB01,游客1217CB01,0小时0分钟13秒,1,,"2018-12-17 16:25:06",127.0.0.1,
x06272EA2,游客06272EA2,1小时0分钟50秒,1,,"2018-06-27 16:37:59",127.0.0.1,
x07041277,游客07041277,0小时51分钟46秒,1,,"2018-07-04 15:10:21",127.0.0.1,
x071746A4,游客071746A4,2小时36分钟41秒,1,,"2018-07-17 10:55:03",127.0.0.1,
x073098B4,游客073098B4,0小时14分钟52秒,1,,"2018-07-30 09:25:18",127.0.0.1,
x080243EB,游客080243EB,0小时0分钟32秒,1,,"2018-08-02 15:21:14",192.168.0.109,
x08087022,游客08087022,0小时0分钟55秒,1,,"2018-08-08 10:38:24",127.0.0.1,
x081340F8,游客081340F8,4小时19分钟30秒,1,,"2018-08-13 09:43:07",127.0.0.1,
x0817A2FB,游客0817A2FB,0小时6分钟8秒,1,,"2018-08-17 13:20:41",127.0.0.1,
x08240257,游客08240257,0小时11分钟32秒,1,,"2018-08-24 16:05:32",127.0.0.1,
x0827069E,游客0827069E,0小时28分钟37秒,1,,"2018-08-27 10:34:34",127.0.0.1,
x0830AC4C,游客0830AC4C,0小时0分钟17秒,1,,"2018-08-30 14:41:18",127.0.0.1,
x09047959,游客09047959,0小时48分钟16秒,1,,"2018-09-04 10:55:55",127.0.0.1,
x0911833C,游客0911833C,0小时1分钟17秒,1,,"2018-09-11 11:24:17",127.0.0.1,
x0919DA38,游客0919DA38,0小时0分钟41秒,1,,"2018-09-19 11:47:56",127.0.0.1,
x1017A1E3,游客1017A1E3,0小时5分钟21秒,1,,"2018-10-17 09:23:00",127.0.0.1,
x1120AF97,游客1120AF97,0小时0分钟17秒,1,,"2018-11-20 09:09:26",192.168.0.104,
x1130BDAC,游客1130BDAC,6小时9分钟13秒,1,,"2018-11-30 18:06:52",127.0.0.1,
x0705DF40,游客0705DF40,0小时3分钟31秒,1,,"2018-07-05 14:43:11",127.0.0.1,
x07189651,游客07189651,2小时6分钟42秒,1,,"2018-07-18 09:11:34",127.0.0.1,
x073113E5,游客073113E5,0小时37分钟42秒,1,,"2018-07-31 10:59:49",127.0.0.1,
x08024A83,游客08024A83,0小时1分钟2秒,1,,"2018-08-02 15:22:24",192.168.0.109,
x0813620C,游客0813620C,0小时4分钟47秒,1,,"2018-08-13 14:03:18",127.0.0.1,
x08205BE2,游客08205BE2,0小时41分钟52秒,1,,"2018-08-20 10:42:26",192.168.0.104,
x0824EC05,游客0824EC05,0小时18分钟2秒,1,,"2018-08-24 18:16:05",127.0.0.1,
x0830BA0F,游客0830BA0F,0小时43分钟54秒,1,,"2018-08-30 14:41:57",127.0.0.1,
x0904B8CB,游客0904B8CB,0小时2分钟15秒,1,,"2018-09-04 11:15:23",127.0.0.1,
x091709D1,游客091709D1,0小时0分钟24秒,1,,"2018-09-17 13:32:06",127.0.0.1,
x092935E6,游客092935E6,0小时49分钟29秒,1,,"2018-09-29 17:20:05",127.0.0.1,
x1017F689,游客1017F689,11小时53分钟14秒,1,,"2018-10-17 09:01:09",127.0.0.1,
x1029F87B,游客1029F87B,0小时21分钟31秒,1,,"2018-10-29 14:06:56",127.0.0.1,
x1107177D,游客1107177D,0小时0分钟12秒,1,,"2018-11-07 11:22:48",127.0.0.1,
x1120F960,游客1120F960,0小时1分钟22秒,1,,"2018-11-20 10:46:59",192.168.0.107,
x1120BDCC,游客1120BDCC,3小时36分钟20秒,1,,"2018-11-20 10:52:12",192.168.0.107,
x120592FD,游客120592FD,0小时0分钟12秒,1,,"2018-12-05 16:01:18",127.0.0.1,
x0705048B,游客0705048B,0小时35分钟29秒,1,,"2018-07-05 15:02:59",127.0.0.1,
x0802C514,游客0802C514,0小时4分钟16秒,1,,"2018-08-02 11:33:22",127.0.0.1,
x06487617,游客06487617,0小时30分钟58秒,1,,"2018-11-05 10:33:06",192.168.0.115,
x0808AF31,游客0808AF31,0小时0分钟15秒,1,,"2018-08-08 18:04:19",127.0.0.1,
x0814A9B8,游客0814A9B8,1小时22分钟29秒,1,,"2018-08-14 09:12:09",127.0.0.1,
x082058F4,游客082058F4,2小时24分钟47秒,1,,"2018-08-20 10:14:32",127.0.0.1,
x0824C858,游客0824C858,0小时10分钟45秒,1,,"2018-08-24 18:23:15",127.0.0.1,
x08275A01,游客08275A01,0小时18分钟50秒,1,,"2018-08-27 15:24:44",192.168.0.115,
x0830965D,游客0830965D,0小时4分钟49秒,1,,"2018-08-30 15:47:07",127.0.0.1,
x0904A819,游客0904A819,0小时1分钟17秒,1,,"2018-09-04 11:24:04",127.0.0.1,
x0917C52B,游客0917C52B,0小时0分钟33秒,1,,"2018-09-17 13:33:37",127.0.0.1,
x0930ED63,游客0930ED63,0小时0分钟31秒,1,,"2018-09-30 18:11:43",192.168.0.104,
x1017FEEA,游客1017FEEA,0小时42分钟21秒,1,,"2018-10-17 10:59:18",127.0.0.1,
x1030A87D,游客1030A87D,0小时0分钟21秒,1,,"2018-10-30 14:25:56",127.0.0.1,
x1108F2BE,游客1108F2BE,0小时0分钟9秒,1,,"2018-11-08 11:41:52",127.0.0.1,
x112020CA,游客112020CA,5小时39分钟11秒,1,,"2018-11-20 10:52:51",192.168.0.107,
x12054705,游客12054705,0小时0分钟14秒,1,,"2018-12-05 16:35:18",127.0.0.1,
x06296EA3,游客06296EA3,0小时0分钟24秒,1,,"2018-06-29 17:33:07",192.168.0.122,
x07050075,游客07050075,0小时1分钟32秒,1,,"2018-07-05 15:30:11",127.0.0.1,
x07238E49,游客07238E49,2小时42分钟1秒,1,,"2018-07-23 14:15:07",127.0.0.1,
x0802B233,游客0802B233,2小时28分钟15秒,1,,"2018-08-02 12:23:01",192.168.0.102,
x08026E30,游客08026E30,0小时36分钟38秒,1,,"2018-08-02 16:15:14",127.0.0.1,
x080930E1,游客080930E1,1小时58分钟25秒,1,,"2018-08-09 09:40:21",127.0.0.1,
x0815A081,游客0815A081,0小时0分钟26秒,1,,"2018-08-15 09:03:12",127.0.0.1,
x08218CB9,游客08218CB9,0小时3分钟57秒,1,,"2018-08-21 09:33:03",127.0.0.1,
x08275391,游客08275391,1小时32分钟47秒,1,,"2018-08-27 08:37:11",127.0.0.1,
x082726A3,游客082726A3,2小时38分钟33秒,1,,"2018-08-27 15:25:29",192.168.0.108,
x0830EEA1,游客0830EEA1,0小时4分钟37秒,1,,"2018-08-30 15:47:30",127.0.0.1,
x0904C791,游客0904C791,0小时1分钟27秒,1,,"2018-09-04 11:29:00",127.0.0.1,
x10117E62,游客10117E62,3小时49分钟53秒,1,,"2018-10-11 13:54:24",127.0.0.1,
x10178636,游客10178636,0小时41分钟49秒,1,,"2018-10-17 10:59:53",127.0.0.1,
x1108731A,游客1108731A,0小时6分钟3秒,1,,"2018-11-08 15:56:38",127.0.0.1,
x12137B98,游客12137B98,8小时14分钟45秒,1,,"2018-12-13 10:46:08",127.0.0.1,
x0702958F,游客0702958F,0小时0分钟29秒,1,,"2018-07-02 09:58:37",127.0.0.1,
x0712A19E,游客0712A19E,0小时4分钟37秒,1,,"2018-07-12 13:22:06",127.0.0.1,
x07265DFA,游客07265DFA,0小时45分钟13秒,1,,"2018-07-26 17:36:57",127.0.0.1,
x05D40996,游客05D40996,0小时0分钟5秒,1,,"2018-08-02 15:04:37",192.168.0.104,
x0803688B,游客0803688B,2小时47分钟30秒,1,,"2018-08-03 11:29:14",127.0.0.1,
x080905DC,游客080905DC,1小时47分钟17秒,1,,"2018-08-09 12:08:24",127.0.0.1,
x08157384,游客08157384,2小时44分钟59秒,1,,"2018-08-15 09:07:56",127.0.0.1,
x082291D5,游客082291D5,0小时32分钟46秒,1,,"2018-08-22 09:55:36",192.168.0.104,
x08277E2E,游客08277E2E,0小时0分钟4秒,1,,"2018-08-27 11:17:43",127.0.0.1,
x0828F340,游客0828F340,0小时0分钟32秒,1,,"2018-08-28 08:00:17",127.0.0.1,
x090351DD,游客090351DD,0小时13分钟46秒,1,,"2018-09-03 11:47:01",127.0.0.1,
x090438E3,游客090438E3,0小时0分钟20秒,1,,"2018-09-04 15:12:01",127.0.0.1,
x09185503,游客09185503,0小时0分钟23秒,1,,"2018-09-18 09:38:28",127.0.0.1,
x1015F730,游客1015F730,7小时4分钟8秒,1,,"2018-10-15 09:54:38",127.0.0.1,
x1101D2B4,游客1101D2B4,0小时14分钟11秒,1,,"2018-11-02 09:17:47",127.0.0.1,
x111538E1,游客111538E1,0小时51分钟38秒,1,,"2018-11-15 10:24:58",127.0.0.1,
x112103A0,游客112103A0,0小时4分钟6秒,1,,"2018-11-21 09:31:41",192.168.0.118,
x121453C2,游客121453C2,0小时3分钟54秒,1,,"2018-12-14 15:50:09",127.0.0.1,
x0703316F,游客0703316F,0小时0分钟3秒,1,,"2018-07-03 09:41:12",192.168.0.122,
x0712FB7B,游客0712FB7B,0小时2分钟1秒,1,,"2018-07-12 13:26:57",127.0.0.1,
x0727258A,游客0727258A,0小时0分钟5秒,1,,"2018-07-27 09:05:23",127.0.0.1,
x080279D0,游客080279D0,0小时3分钟29秒,1,,"2018-08-02 15:09:44",192.168.0.125,
x08030AA9,游客08030AA9,0小时2分钟0秒,1,,"2018-08-03 14:47:23",192.168.0.104,
x0809AE39,游客0809AE39,0小时4分钟33秒,1,,"2018-08-09 18:09:50",192.168.0.104,
x0815BC01,游客0815BC01,0小时34分钟20秒,1,,"2018-08-15 09:13:16",192.168.0.104,
x0827FC65,游客0827FC65,1小时36分钟54秒,1,,"2018-08-27 14:21:51",127.0.0.1,
x08281CA0,游客08281CA0,0小时5分钟24秒,1,,"2018-08-28 08:03:57",127.0.0.1,
x0903E0DD,游客0903E0DD,0小时25分钟21秒,1,,"2018-09-03 15:45:03",127.0.0.1,
x0918FB26,游客0918FB26,0小时47分钟26秒,1,,"2018-09-18 09:42:00",127.0.0.1,
x1016CCAA,游客1016CCAA,0小时21分钟13秒,1,,"2018-10-16 09:38:24",127.0.0.1,
x1022AFAA,游客1022AFAA,0小时0分钟19秒,1,,"2018-10-22 17:12:40",127.0.0.1,
x110227CE,游客110227CE,0小时13分钟12秒,1,,"2018-11-02 10:19:31",127.0.0.1,
x11158A97,游客11158A97,0小时20分钟25秒,1,,"2018-11-15 10:58:59",127.0.0.1,
x12145C97,游客12145C97,0小时0分钟3秒,1,,"2018-12-14 16:20:57",192.168.0.122,
x0712A915,游客0712A915,0小时1分钟1秒,1,,"2018-07-12 13:29:07",127.0.0.1,
x0727CA07,游客0727CA07,0小时0分钟9秒,1,,"2018-07-27 11:39:19",127.0.0.1,
x08022CDF,游客08022CDF,0小时6分钟58秒,1,,"2018-08-02 15:04:52",192.168.0.104,
x08060EC8,游客08060EC8,0小时21分钟29秒,1,,"2018-08-06 15:35:16",127.0.0.1,
x08105536,游客08105536,0小时0分钟8秒,1,,"2018-08-10 09:42:58",192.168.0.104,
x0816B90F,游客0816B90F,0小时1分钟15秒,1,,"2018-08-16 09:39:56",127.0.0.1,
x08247FA8,游客08247FA8,0小时22分钟7秒,1,,"2018-08-24 15:03:11",127.0.0.1,
x0828B47F,游客0828B47F,0小时2分钟41秒,1,,"2018-08-28 08:06:40",127.0.0.1,
x09039983,游客09039983,0小时0分钟8秒,1,,"2018-09-03 17:36:11",127.0.0.1,
x090531ED,游客090531ED,0小时37分钟22秒,1,,"2018-09-05 09:11:11",127.0.0.1,
x0918EECF,游客0918EECF,0小时0分钟14秒,1,,"2018-09-18 10:33:18",127.0.0.1,
x10165643,游客10165643,0小时1分钟10秒,1,,"2018-10-16 16:54:13",127.0.0.1,
x10243450,游客10243450,0小时36分钟24秒,1,,"2018-10-24 13:40:34",127.0.0.1,
x11024832,游客11024832,0小时16分钟35秒,1,,"2018-11-02 10:19:23",127.0.0.1,
x1115B6F6,游客1115B6F6,0小时11分钟59秒,1,,"2018-11-15 11:35:29",127.0.0.1,
